f1000-6-1489-0,ana marusic 
f1000-6-1489-3,ana marusic 
f1000-7-1721-1,ana marusic 
f1000-8-1852-0,ana marusic 
f1000-8-1852-2,ana marusic 
f1000-8-1852-4,ana marusic 
f1000-9-823-1,ana marusic 
f1000-3-119-2,andrew d. chalmers
f1000-3-232-2,andrew d. chalmers
f1000-3-244-1,andrew d. chalmers
f1000-3-244-3,andrew d. chalmers
f1000-4-148-1,andrew d. chalmers
f1000-4-148-4,andrew d. chalmers
f1000-4-810-1,andrew d. chalmers
f1000-6-851-0,andrew d. chalmers
f1000-3-139-0,ankush sharma 
f1000-3-139-2,ankush sharma 
f1000-4-476-0,ankush sharma 
f1000-4-484-2,ankush sharma 
f1000-4-484-3,ankush sharma 
f1000-5-1963-0,ankush sharma 
f1000-5-1963-2,ankush sharma 
f1000-5-2524-0,ankush sharma 
f1000-2-263-2,hammad ather 
f1000-3-197-0,hammad ather 
f1000-3-314-2,hammad ather 
f1000-3-73-3,hammad ather 
f1000-4-54-1,hammad ather 
f1000-4-84-1,hammad ather 
f1000-5-1550-2,hammad ather 
f1000-8-423-0,hammad ather 
f1000-9-184-0,hammad ather 
f1000-9-184-2,hammad ather 
f1000-4-167-1,hilary ann coller
f1000-4-574-0,hilary ann coller
f1000-5-1889-1,hilary ann coller
f1000-5-1932-1,hilary ann coller
f1000-5-2414-3,hilary ann coller
f1000-5-381-1,hilary ann coller
f1000-6-1706-4,hilary ann coller
f1000-7-1141-1,jean fan 
f1000-7-1141-3,jean fan 
f1000-7-1466-0,jean fan 
f1000-7-1466-2,jean fan 
f1000-7-1740-2,jean fan 
f1000-7-1740-6,jean fan 
f1000-9-512-2,jean fan 
f1000-4-466-2,jens foell 
f1000-5-1129-3,jens foell 
f1000-5-1903-0,jens foell 
f1000-5-2157-1,jens foell 
f1000-6-1512-0,jens foell 
f1000-7-216-1,jens foell 
f1000-7-216-2,jens foell 
f1000-6-229-1,jessica k. polka 
f1000-6-229-2,jessica k. polka 
f1000-6-229-4,jessica k. polka 
f1000-7-1655-1,jessica k. polka 
f1000-7-722-0,jessica k. polka 
f1000-7-722-4,jessica k. polka 
f1000-8-971-2,jessica k. polka 
f1000-8-971-4,jessica k. polka 
f1000-7-1523-0,kae miyazawa
f1000-7-1523-1,kae miyazawa
f1000-7-1523-2,kae miyazawa
f1000-7-1523-5,kae miyazawa
f1000-7-1523-7,kae miyazawa
f1000-7-1523-8,kae miyazawa
f1000-7-1523-9,kae miyazawa
f1000-2-231-1,karin verspoor 
f1000-3-173-1,karin verspoor 
f1000-4-1453-1,karin verspoor 
f1000-4-1453-3,karin verspoor 
f1000-4-33-1,karin verspoor 
f1000-4-33-3,karin verspoor 
f1000-7-210-0,karin verspoor 
f1000-7-210-2,karin verspoor 
f1000-3-50-1,laurent gatto 
f1000-6-1040-0,laurent gatto 
f1000-7-431-0,laurent gatto 
f1000-8-1459-1,laurent gatto 
f1000-8-1459-2,laurent gatto 
f1000-8-42-0,laurent gatto 
f1000-8-42-2,laurent gatto 
f1000-2-188-0,manuel corpas 
f1000-2-188-3,manuel corpas 
f1000-4-1523-0,manuel corpas 
f1000-4-86-2,manuel corpas 
f1000-4-86-4,manuel corpas 
f1000-5-1932-2,manuel corpas 
f1000-6-2074-1,manuel corpas 
f1000-6-952-0,manuel corpas 
f1000-4-155-1,michael i. love 
f1000-5-1281-3,michael i. love 
f1000-6-1158-0,michael i. love 
f1000-7-1860-0,michael i. love 
f1000-7-1860-3,michael i. love 
f1000-8-213-0,michael i. love 
f1000-9-304-1,michael i. love 
f1000-1-38-3,mohamed badawy abdel-naser
f1000-2-206-1,mohamed badawy abdel-naser
f1000-2-226-1,mohamed badawy abdel-naser
f1000-3-181-2,mohamed badawy abdel-naser
f1000-3-32-0,mohamed badawy abdel-naser
f1000-4-1341-1,mohamed badawy abdel-naser
f1000-4-446-1,mohamed badawy abdel-naser
f1000-5-2517-0,mohamed badawy abdel-naser
f1000-5-2667-2,mohamed badawy abdel-naser
f1000-5-900-1,mohamed badawy abdel-naser
f1000-7-46-1,mohamed badawy abdel-naser
f1000-5-2690-1,nathan l. vanderford 
f1000-5-2690-4,nathan l. vanderford 
f1000-5-56-0,nathan l. vanderford 
f1000-5-56-2,nathan l. vanderford 
f1000-6-405-1,nathan l. vanderford 
f1000-6-405-3,nathan l. vanderford 
f1000-7-501-2,nathan l. vanderford 
f1000-7-501-4,nathan l. vanderford 
f1000-6-1545-0,rudy agung nugroho 
f1000-6-320-0,rudy agung nugroho 
f1000-7-683-1,rudy agung nugroho 
f1000-8-1435-0,rudy agung nugroho 
f1000-8-1435-3,rudy agung nugroho 
f1000-8-1466-1,rudy agung nugroho 
f1000-9-259-1,rudy agung nugroho 
f1000-9-259-2,rudy agung nugroho 
f1000-7-1141-0,saskia freytag 
f1000-7-1141-2,saskia freytag 
f1000-7-1576-1,saskia freytag 
f1000-7-1576-2,saskia freytag 
f1000-8-296-0,saskia freytag 
f1000-8-296-2,saskia freytag 
f1000-8-296-5,saskia freytag 
